,,,,,,
,,,,,,
,,,,,,
,,,,,,
Component Count:,13,,,,,
Ref,Qnty,Value,Cmp name,Footprint,Description,Vendor
"C1, ",1,22uF,C,Capacitor_SMD:C_0402_1005Metric,Unpolarized capacitor,
"C2, C4, C6, ",3,0.1uF,C,Capacitor_SMD:C_0402_1005Metric,Unpolarized capacitor,
"C3, C5, ",2,10uF,C,Capacitor_SMD:C_0402_1005Metric,Unpolarized capacitor,
"J1, ",1,SFP,SFP,Connector:Connector_SFP_and_Cage,"Connector for Small Form Factor Pluggable (SFP) module, 1 Gbit/s, serial-to-serial data-agnostic optical transceiver",
"L1, L2, ",2,220@100MHz,L_Iron,Inductor_SMD:L_0402_1005Metric,Inductor with iron core,
"R1, R2, R3, ",3,4.7k,R_US,Resistor_SMD:R_0402_1005Metric,"Resistor, US symbol",
"U1, ",1,Pmod_connector,Pmod_connector,Pmod:PMOD_EXTENSION_BOARD,,
